STATION_ID,STATION_NAME,AVERAGE_YEARLY_PRECIPITATION,YEAR
ALT,ALTURAS RS,0.6058333333333334,2014
APU,ANGWIN PACIFIC UNION COL,1.8991666666666667,2014
ASM,ASH MOUNTAIN,1.1172727272727274,2014
ATW,ATWELL CAMP,1.7909090909090908,2014
ABR,AUBERRY 2 NW,0.8391666666666667,2014
AUB,AUBURN,1.7222222222222223,2014
BFK,BAKERSFIELD AIRPORT,0.20166666666666666,2014
BFS,BARSTOW,0.2725,2014
BRM,BEAR TRAP MEADOW,2.0766666666666667,2014
BGB,BIG BAR,1.5424999999999998,2014
BBE,BIG BEAR LAKE,1.015,2014
BGC,BIG CREEK 1,1.721111111111111,2014
BGS,BIG SUR STATE PARK,1.5183333333333333,2014
BIS,BISHOP,0.2508333333333333,2014
BYM,BLUE CANYON (DWR-2),3.7483333333333335,2014
BLY,BLYTHE,0.12416666666666669,2014
BCA,BOCA,1.2175,2014
BDE,BODIE,0.6388888888888888,2014
BOW,BOWMAN,3.734166666666667,2014
BDG,BRIDGEPORT R S,0.7575,2014
BCM,BRUSH CREEK (DWR-2),3.8958333333333335,2014
CCH,CACHUMA LAKE,0.8291666666666666,2014
CVT,CALAVERAS BIG TREES,2.0700000000000003,2014
CAL,CALLAHAN,1.0525,2014
CPD,CAMP PARDEE,1.0491666666666666,2014
CPT,CAPLES (TWIN) LAKE,2.3808333333333334,2014
CDV,CEDARVILLE,1.0275,2014
CHL,CHALLENGE RANGER STATION,,2014
CVD,CHERRY VALLEY DAM,2.3283333333333336,2014
CHS,CHESTER,1.6883333333333337,2014
CES,CHICO UNIV FARM,1.1124999999999998,2014
CNL,CHINA LAKE ARMITAGE,0.12000000000000001,2014
CLN,COALINGA,0.23166666666666666,2014
CFF,COFFEE CREEK RANGER STATION,2.2791666666666663,2014
CLF,COLFAX,2.5245454545454544,2014
CTT,COTTONWOOD GATES,0.25583333333333336,2014
COV,COVELO 1 NNE,2.6337499999999996,2014
CRC,CROOKED CREEK (LONG VALLEY),0.38916666666666666,2014
CUY,CUYAMACA DAM,1.2936363636363635,2014
DVS,DAVIS 2WSW,1.0833333333333333,2014
DSB,DE SABLA (PG&E),3.205833333333333,2014
DTV,DEATH VALLEY,0.1525,2014
DMS,DONNER MEM ST PARK,2.2424999999999997,2014
DWV,DOWNIEVILLE,3.2383333333333337,2014
DYL,DOYLE,0.6719999999999999,2014
DNM,DUNSMUIR TREATMENT PLANT,2.619166666666667,2014
EGL,EAGLE CREEK,2.4937500000000004,2014
ELC,EL CAPITAN DAM,0.6254545454545455,2014
ERY,ELLERY LAKE,1.3116666666666668,2014
ELS,ELSINORE,0.42333333333333334,2014
ENG,ENGLEBRIGHT (USACE),1.6641666666666668,2014
ERK,EUREKA WOODLEY ISLAND,1.7258333333333333,2014
FRF,FAIRFIELD,1.778,2014
FMT,FAIRMONT,0.6108333333333333,2014
NIC,FEATHER RIVER NEAR NICOLAUS,0.12000000000000001,2014
FDD,FIDDLETOWN,1.8791666666666667,2014
FLR,FLORENCE LAKE (SCE),1.035,2014
FLD,FOLSOM DAM - FOLSOM POINT (DYKE 8),1.3325,2014
FRH,FORESTHILL R S,2.7616666666666667,2014
FBW,FORT BIDWELL,1.0658333333333334,2014
FJN,FORT JONES RS,1.0049999999999997,2014
FRR,FORT ROSS,0.24,2014
FRO,FRESNO WB AIRPORT,0.4158333333333333,2014
GAS,GASQUET RANGER STATION,5.075833333333333,2014
GLK,GEM  LAKE,0.83,2014
GRG,GEORGETOWN RS (USFS),2.901666666666666,2014
GNF,GIANT FOREST (USACE),1.7233333333333334,2014
GLV,GLENVILLE FS,0.9058333333333334,2014
GRO,GRANT GROVE,1.825,2014
GSV,GRASS VALLEY,2.8208333333333333,2014
GNV,GREENVILLE RS,,2014
GVL,GROVELAND R S,1.6549999999999998,2014
GHS,GROVER HOT SPRINGS,1.2408333333333335,2014
HWE,HAIWEE,0.2316666666666666,2014
HND,HANFORD REFINERY,0.23916666666666664,2014
HAP,HAPPY CAMP RS,2.1733333333333333,2014
HRR,HARRISON GULCH RS,,2014
HSD,HENSHAW DAM,1.038333333333333,2014
HTH,HETCH HETCHY,1.8458333333333334,2014
HCK,HOCKETT MEADOW (USACE),1.87,2014
HLS,HOLLISTER,0.32545454545454544,2014
HOO,HOOPA,1.67,2014
HSS,HOSSACK,2.69875,2014
IMP,IMPERIAL VALLEY,0.21416666666666664,2014
IPN,INDEPENDENCE,0.3466666666666667,2014
ISB,ISABELLA DAM,0.6325,2014
JNL,JUNCAL DAM,1.18625,2014
KP3,KERN PH 3,0.505,2014
KR3,KERN R INTAKE NO. 3,0.9612499999999999,2014
OLS,KLAMATH RIVER AT ORLEANS,2.8541666666666665,2014
LGB,LAGUNA BEACH,0.425,2014
LGT,LAGUNITAS LAKE,2.7475,2014
ARR,LAKE ARROWHEAD,2.41,2014
LPA,LAKE PALMDALE,,2014
SBN,LAKE SABRINA,1.078333333333333,2014
LNC,LANCASTER FSS FAA,,2014
LMC,LEMON COVE,0.5016666666666666,2014
LND,LINDSAY,0.3808333333333333,2014
LDG,LODGEPOLE,1.7841666666666665,2014
LCC,LOS ANGELES CIVIC CENTER,0.5033333333333333,2014
LAN,LOS ANGELES-WSO AIRPORT,0.3841666666666666,2014
LSB,LOS BANOS,0.3658333333333334,2014
LYT,LYTLE CREEK R S,0.75,2014
MDR,MADERA,0.43636363636363634,2014
MRP,MARIPOSA RANGER STATION,1.2040000000000002,2014
MKV,MARKLEEVILLE,0.9533333333333333,2014
MLD,MCCLOUD,1.9124999999999999,2014
MFS,MERCED,0.7014285714285714,2014
MNR,MINERAL (OBSERVER),3.479,2014
MCN,MOCCASIN,1.1708333333333332,2014
MDE,MODESTO IRRIG DISTRICT OFFICE,0.38,2014
MTY,MONTEREY AIRPORT,,2014
HML,MOUNT HAMILTON,1.03,2014
MSC,MOUNT SHASTA CITY,1.3849999999999998,2014
WLS,MOUNT WILSON NO 2,1.4750000000000003,2014
MNH,MOUNTAIN HOME,2.1374999999999997,2014
MTP,MOUNTAIN PASS,,2014
NSH,NAPA FIRE DEPARTMENT,1.615,2014
NDL,NEEDLES,0.5283333333333334,2014
NVD,NEVADA CITY,3.1291666666666664,2014
EXC,NEW EXCHEQUER-LK MCCLURE,0.6683333333333334,2014
NLD,NILAND,0.08857142857142855,2014
NFR,NORTH FORK R S,1.3483333333333334,2014
OSM,OCEANSIDE MARINA,0.3416666666666666,2014
ORL,ORLAND,1.22,2014
OXN,OXNARD,0.49166666666666664,2014
PCF,PACIFIC HOUSE (OBSERVER),2.789166666666667,2014
PMS,PALM SPRINGS,0.17916666666666667,2014
PNH,PANOCHE 2W,0.4309090909090909,2014
PSC,PASCOES,1.8,2014
PNF,PINE FLAT DAM,0.7316666666666666,2014
PCV,PLACERVILLE,2.2166666666666663,2014
PLE,PLUMAS EUREKA PARK,2.7158333333333338,2014
PRT,PORTOLA,1.0391666666666668,2014
QNC,QUINCY RS (USFS),1.9458333333333335,2014
RBF,RED BLUFF,1.217272727272727,2014
RGC,ROGERS CAMP,1.90125,2014
HEA,RUSSIAN RIVER NEAR HEALDSBURG,,2014
SCR,SACRAMENTO WB CITY,0.8008333333333333,2014
SGH,SAGEHEN CREEK,1.74,2014
SAP,SALINAS NO2,0.7025,2014
SDG,SAN DIEGO NWS-LINDBERGH FIELD,0.42416666666666664,2014
SFF,SAN FRANCISCO WB AP,0.8999999999999998,2014
SLO,SAN LUIS OBISPO POLY,0.875,2014
ANA,SANTA ANA FIRE STA,0.295,2014
SBR,SANTA BARBARA SANITATION,0.5416666666666666,2014
CRZ,SANTA CRUZ,1.2,2014
SRO,SANTA ROSA,2.007142857142857,2014
SCA,SCOTIA,1.5258333333333332,2014
SRR,SIERRAVILLE RS (USFS),1.5975,2014
SLP,SLY PARK,2.520833333333334,2014
SSG,SODA SPRINGS 1 E,3.286666666666667,2014
SOR,SONORA RS,1.4716666666666667,2014
SEY,SOUTH ENTRANCE YOSEMITE,1.4525,2014
SLK,SOUTH LAKE,1.4016666666666666,2014
SGV,SPRINGVILLE TULE POWERPLANT,0.9683333333333334,2014
SNH,STANDISH HICKEY PARK,,2014
STK,STOCKTON FIRE STATION 4,0.91,2014
STG,STONY GORGE RESERVOIR,0.9641666666666665,2014
STV,STRAWBERRY VALLEY,4.85,2014
SCC,SUCCESS DAM,0.5141666666666667,2014
SSN,SUSANVILLE,0.7858333333333332,2014
TAC,TAHOE CITY (NWS),1.6183333333333332,2014
TRM,TERMINUS DAM,0.45916666666666667,2014
3RV,THREE RIVERS PH NO 1,0.8291666666666667,2014
TCR,TRACY CARBONA,0.43333333333333335,2014
TKE,TRUCKEE RS (OBS),1.450833333333333,2014
29P,TWENTYNINE PALMS,0.2916666666666667,2014
UKH,UKIAH,2.1683333333333334,2014
VNT,VINTON,0.8283333333333333,2014
VSL,VISALIA,0.38749999999999996,2014
WSC,WASCO,0.17833333333333334,2014
WTW,WATSONVILLE WATER,1.2885714285714287,2014
WVR,WEAVERVILLE RS,1.7108333333333332,2014
WPT,WEST POINT,1.9733333333333334,2014
WDL,WOODLAND 1 WNW,1.1616666666666666,2014
YSV,YOSEMITE HEADQUARTERS,1.4841666666666666,2014
YRK,YREKA,1.0091666666666668,2014
ALT,ALTURAS RS,0.9758333333333332,2015
APU,ANGWIN PACIFIC UNION COL,3.1180000000000008,2015
ASM,ASH MOUNTAIN,1.5657142857142856,2015
ATW,ATWELL CAMP,1.8909090909090907,2015
ABR,AUBERRY 2 NW,1.0274999999999999,2015
AUB,AUBURN,1.8699999999999994,2015
BFK,BAKERSFIELD AIRPORT,0.48454545454545445,2015
BFS,BARSTOW,0.4516666666666666,2015
BRM,BEAR TRAP MEADOW,1.842727272727273,2015
BGB,BIG BAR,2.8790909090909094,2015
BBE,BIG BEAR LAKE,1.375,2015
BGC,BIG CREEK 1,1.2408333333333335,2015
BGS,BIG SUR STATE PARK,2.8691666666666666,2015
BIS,BISHOP,0.1975,2015
BYM,BLUE CANYON (DWR-2),3.8675,2015
BLY,BLYTHE,0.31444444444444447,2015
BCA,BOCA,1.5633333333333335,2015
BDE,BODIE,0.8974999999999999,2015
BOW,BOWMAN,3.8600000000000008,2015
BDG,BRIDGEPORT R S,0.3057142857142857,2015
BCM,BRUSH CREEK (DWR-2),3.2083333333333335,2015
CCH,CACHUMA LAKE,1.3309090909090908,2015
CVT,CALAVERAS BIG TREES,2.4416666666666664,2015
CAL,CALLAHAN,1.986666666666667,2015
CPD,CAMP PARDEE,1.4141666666666666,2015
CPT,CAPLES (TWIN) LAKE,2.2225,2015
CDV,CEDARVILLE,1.2045454545454548,2015
CHL,CHALLENGE RANGER STATION,,2015
CVD,CHERRY VALLEY DAM,2.130833333333333,2015
CHS,CHESTER,2.201666666666666,2015
CES,CHICO UNIV FARM,1.4766666666666668,2015
CNL,CHINA LAKE ARMITAGE,0.5085714285714286,2015
CLN,COALINGA,0.604,2015
CFF,COFFEE CREEK RANGER STATION,4.104166666666667,2015
CLF,COLFAX,2.8009090909090912,2015
CTT,COTTONWOOD GATES,0.2333333333333333,2015
COV,COVELO 1 NNE,2.79,2015
CRC,CROOKED CREEK (LONG VALLEY),0.4883333333333333,2015
CUY,CUYAMACA DAM,1.4490909090909092,2015
DVS,DAVIS 2WSW,2.4600000000000004,2015
DSB,DE SABLA (PG&E),3.455454545454545,2015
DTV,DEATH VALLEY,0.14666666666666667,2015
DMS,DONNER MEM ST PARK,2.1463636363636365,2015
DWV,DOWNIEVILLE,3.7945454545454553,2015
DYL,DOYLE,1.129,2015
DNM,DUNSMUIR TREATMENT PLANT,4.553333333333334,2015
EGL,EAGLE CREEK,0.96,2015
EPK,EAST PARK RESERVOIR,1.22,2015
ELC,EL CAPITAN DAM,1.1350000000000002,2015
ERY,ELLERY LAKE,1.2266666666666668,2015
ELS,ELSINORE,0.7385714285714287,2015
ENG,ENGLEBRIGHT (USACE),2.0191666666666666,2015
ERK,EUREKA WOODLEY ISLAND,2.6174999999999997,2015
FRF,FAIRFIELD,1.4275,2015
FMT,FAIRMONT,0.9175,2015
NIC,FEATHER RIVER NEAR NICOLAUS,,2015
FDD,FIDDLETOWN,2.183333333333333,2015
FLR,FLORENCE LAKE (SCE),0.7825,2015
FLD,FOLSOM DAM - FOLSOM POINT (DYKE 8),3.8200000000000003,2015
FRH,FORESTHILL R S,3.0524999999999998,2015
FBW,FORT BIDWELL,1.2341666666666666,2015
FJN,FORT JONES RS,1.6308333333333334,2015
FRR,FORT ROSS,,2015
FRO,FRESNO WB AIRPORT,0.5808333333333332,2015
GAS,GASQUET RANGER STATION,6.9854545454545445,2015
GLK,GEM  LAKE,0.8633333333333334,2015
GRG,GEORGETOWN RS (USFS),2.636666666666667,2015
GNF,GIANT FOREST (USACE),1.8983333333333337,2015
GLV,GLENVILLE FS,0.9290909090909092,2015
GRO,GRANT GROVE,1.9154545454545457,2015
GSV,GRASS VALLEY,2.6750000000000007,2015
GNV,GREENVILLE RS,,2015
GVL,GROVELAND R S,1.3575000000000002,2015
GHS,GROVER HOT SPRINGS,1.3258333333333332,2015
HWE,HAIWEE,0.3333333333333333,2015
HND,HANFORD REFINERY,0.45083333333333336,2015
HAP,HAPPY CAMP RS,3.4250000000000007,2015
HRR,HARRISON GULCH RS,1.19,2015
HSD,HENSHAW DAM,1.6218181818181818,2015
HTH,HETCH HETCHY,1.9033333333333333,2015
HCK,HOCKETT MEADOW (USACE),1.85,2015
HLS,HOLLISTER,1.9325,2015
HOO,HOOPA,2.9949999999999997,2015
HSS,HOSSACK,1.66125,2015
IMP,IMPERIAL VALLEY,0.1677777777777778,2015
IPN,INDEPENDENCE,0.20666666666666664,2015
ISB,ISABELLA DAM,0.84,2015
JNL,JUNCAL DAM,2.2199999999999998,2015
KP3,KERN PH 3,0.6518181818181819,2015
KR3,KERN R INTAKE NO. 3,0.7381818181818182,2015
OLS,KLAMATH RIVER AT ORLEANS,3.1083333333333325,2015
LGB,LAGUNA BEACH,0.7959999999999999,2015
LGT,LAGUNITAS LAKE,3.3241666666666667,2015
ARR,LAKE ARROWHEAD,0.0,2015
LPA,LAKE PALMDALE,,2015
SBN,LAKE SABRINA,0.8300000000000001,2015
LNC,LANCASTER FSS FAA,,2015
LMC,LEMON COVE,0.7724999999999999,2015
LND,LINDSAY,0.7236363636363635,2015
LDG,LODGEPOLE,2.026363636363637,2015
LCC,LOS ANGELES CIVIC CENTER,0.9366666666666666,2015
LAN,LOS ANGELES-WSO AIRPORT,0.785,2015
LSB,LOS BANOS,0.6045454545454545,2015
LYT,LYTLE CREEK R S,0.72,2015
MDR,MADERA,0.44249999999999995,2015
MRP,MARIPOSA RANGER STATION,1.0658333333333336,2015
MKV,MARKLEEVILLE,0.34,2015
MLD,MCCLOUD,3.5725,2015
MFS,MERCED,1.0414285714285714,2015
MNR,MINERAL (OBSERVER),4.725555555555556,2015
MCN,MOCCASIN,1.2133333333333336,2015
MDE,MODESTO IRRIG DISTRICT OFFICE,0.27999999999999997,2015
MTY,MONTEREY AIRPORT,,2015
HML,MOUNT HAMILTON,1.7766666666666666,2015
MSC,MOUNT SHASTA CITY,3.052499999999999,2015
WLS,MOUNT WILSON NO 2,2.473333333333333,2015
MNH,MOUNTAIN HOME,1.0999999999999999,2015
MTP,MOUNTAIN PASS,0.0,2015
NSH,NAPA FIRE DEPARTMENT,1.7266666666666672,2015
NDL,NEEDLES,0.30333333333333334,2015
NVD,NEVADA CITY,3.0933333333333333,2015
EXC,NEW EXCHEQUER-LK MCCLURE,0.7533333333333334,2015
NLD,NILAND,0.155,2015
NFR,NORTH FORK R S,1.2558333333333331,2015
OSM,OCEANSIDE MARINA,0.7875,2015
ORL,ORLAND,1.6036363636363637,2015
OXN,OXNARD,0.8500000000000001,2015
PCF,PACIFIC HOUSE (OBSERVER),2.819166666666666,2015
PMS,PALM SPRINGS,0.2325,2015
PNH,PANOCHE 2W,0.978,2015
PSC,PASCOES,,2015
PNF,PINE FLAT DAM,0.9374999999999999,2015
PCV,PLACERVILLE,2.55,2015
PLE,PLUMAS EUREKA PARK,3.2816666666666667,2015
PRT,PORTOLA,1.4491666666666667,2015
QNC,QUINCY RS (USFS),2.5766666666666667,2015
RBF,RED BLUFF,1.7612499999999998,2015
RGC,ROGERS CAMP,1.0587499999999999,2015
HEA,RUSSIAN RIVER NEAR HEALDSBURG,,2015
SCR,SACRAMENTO WB CITY,1.2425,2015
SGH,SAGEHEN CREEK,1.6736363636363643,2015
SAP,SALINAS NO2,1.9783333333333335,2015
SDG,SAN DIEGO NWS-LINDBERGH FIELD,0.9925,2015
SFF,SAN FRANCISCO WB AP,1.384166666666667,2015
SLO,SAN LUIS OBISPO POLY,1.0783333333333334,2015
ANA,SANTA ANA FIRE STA,0.7714285714285715,2015
SBR,SANTA BARBARA SANITATION,1.704,2015
CRZ,SANTA CRUZ,1.8083333333333342,2015
SRO,SANTA ROSA,3.4985714285714287,2015
SCA,SCOTIA,3.473333333333333,2015
SRR,SIERRAVILLE RS (USFS),1.6391666666666664,2015
SLP,SLY PARK,2.475,2015
SSG,SODA SPRINGS 1 E,3.470833333333333,2015
SOR,SONORA RS,1.375,2015
SEY,SOUTH ENTRANCE YOSEMITE,1.8200000000000003,2015
SLK,SOUTH LAKE,1.0799999999999998,2015
SGV,SPRINGVILLE TULE POWERPLANT,1.1072727272727272,2015
SNH,STANDISH HICKEY PARK,,2015
STK,STOCKTON FIRE STATION 4,,2015
STG,STONY GORGE RESERVOIR,1.6616666666666668,2015
STV,STRAWBERRY VALLEY,4.498333333333333,2015
SCC,SUCCESS DAM,0.35250000000000004,2015
SSN,SUSANVILLE,1.2858333333333334,2015
TAC,TAHOE CITY (NWS),2.178571428571429,2015
TRM,TERMINUS DAM,0.47583333333333333,2015
3RV,THREE RIVERS PH NO 1,1.2408333333333335,2015
TCR,TRACY CARBONA,0.8936363636363635,2015
TKE,TRUCKEE RS (OBS),1.5925,2015
29P,TWENTYNINE PALMS,0.20166666666666666,2015
UKH,UKIAH,4.2457142857142856,2015
VNT,VINTON,1.0108333333333335,2015
VSL,VISALIA,0.5509999999999999,2015
WSC,WASCO,0.4763636363636364,2015
WTW,WATSONVILLE WATER,1.6481818181818184,2015
WVR,WEAVERVILLE RS,3.894285714285715,2015
WPT,WEST POINT,2.1233333333333335,2015
WDL,WOODLAND 1 WNW,0.605,2015
YSV,YOSEMITE HEADQUARTERS,1.5458333333333332,2015
YRK,YREKA,1.4383333333333335,2015
ALT,ALTURAS RS,1.1208333333333333,2016
APU,ANGWIN PACIFIC UNION COL,3.264545454545454,2016
ASM,ASH MOUNTAIN,3.07125,2016
ATW,ATWELL CAMP,3.4375,2016
ABR,AUBERRY 2 NW,2.3091666666666666,2016
AUB,AUBURN,2.2191666666666667,2016
BFK,BAKERSFIELD AIRPORT,0.4591666666666667,2016
BFS,BARSTOW,0.3925,2016
BRM,BEAR TRAP MEADOW,3.9691666666666676,2016
BGB,BIG BAR,3.7133333333333343,2016
BBE,BIG BEAR LAKE,1.2449999999999999,2016
BGC,BIG CREEK 1,3.333333333333334,2016
BGS,BIG SUR STATE PARK,3.5999999999999996,2016
BIS,BISHOP,0.3283333333333333,2016
BYM,BLUE CANYON (DWR-2),6.431666666666666,2016
BLY,BLYTHE,0.20375000000000004,2016
BCA,BOCA,2.3025,2016
BDE,BODIE,1.3199999999999998,2016
BOW,BOWMAN,6.541666666666665,2016
BDG,BRIDGEPORT R S,1.065,2016
BCM,BRUSH CREEK (DWR-2),7.025833333333335,2016
CCH,CACHUMA LAKE,0.9541666666666666,2016
CVT,CALAVERAS BIG TREES,6.788749999999999,2016
CAL,CALLAHAN,1.9445454545454546,2016
CPD,CAMP PARDEE,2.0633333333333335,2016
CPT,CAPLES (TWIN) LAKE,4.048333333333334,2016
CDV,CEDARVILLE,1.2483333333333333,2016
CHL,CHALLENGE RANGER STATION,,2016
CVD,CHERRY VALLEY DAM,4.101666666666667,2016
CHS,CHESTER,3.438333333333334,2016
CES,CHICO UNIV FARM,1.7309090909090907,2016
CNL,CHINA LAKE ARMITAGE,0.0,2016
CLN,COALINGA,1.2566666666666666,2016
CFF,COFFEE CREEK RANGER STATION,1.395,2016
CLF,COLFAX,3.7466666666666666,2016
CTT,COTTONWOOD GATES,0.43416666666666676,2016
COV,COVELO 1 NNE,6.3149999999999995,2016
CRC,CROOKED CREEK (LONG VALLEY),0.6341666666666667,2016
CUY,CUYAMACA DAM,1.9739999999999998,2016
DVS,DAVIS 2WSW,2.224285714285714,2016
DSB,DE SABLA (PG&E),5.798333333333335,2016
DTV,DEATH VALLEY,0.23416666666666663,2016
DMS,DONNER MEM ST PARK,4.918,2016
DWV,DOWNIEVILLE,6.090833333333333,2016
DYL,DOYLE,0.9283333333333336,2016
DNM,DUNSMUIR TREATMENT PLANT,5.661666666666666,2016
EGL,EAGLE CREEK,3.7091666666666665,2016
ELC,EL CAPITAN DAM,1.2075,2016
ERY,ELLERY LAKE,1.6016666666666666,2016
ELS,ELSINORE,0.41916666666666663,2016
ENG,ENGLEBRIGHT (USACE),3.025,2016
ERK,EUREKA WOODLEY ISLAND,4.006666666666666,2016
FRF,FAIRFIELD,1.8988888888888888,2016
FMT,FAIRMONT,0.8233333333333333,2016
NIC,FEATHER RIVER NEAR NICOLAUS,1.18,2016
FDD,FIDDLETOWN,4.970000000000001,2016
FLR,FLORENCE LAKE (SCE),2.0166666666666666,2016
FLD,FOLSOM DAM - FOLSOM POINT (DYKE 8),1.2954545454545452,2016
FRH,FORESTHILL R S,5.2,2016
FBW,FORT BIDWELL,1.655,2016
FJN,FORT JONES RS,1.964166666666667,2016
FRR,FORT ROSS,5.005714285714285,2016
FRO,FRESNO WB AIRPORT,1.1908333333333334,2016
GAS,GASQUET RANGER STATION,8.85,2016
GLK,GEM  LAKE,1.0599999999999998,2016
GRG,GEORGETOWN RS (USFS),7.08875,2016
GNF,GIANT FOREST (USACE),3.26,2016
GLV,GLENVILLE FS,1.7283333333333335,2016
GRO,GRANT GROVE,3.0683333333333334,2016
GSV,GRASS VALLEY,4.6375,2016
GNV,GREENVILLE RS,,2016
GVL,GROVELAND R S,4.94,2016
GHS,GROVER HOT SPRINGS,1.6518181818181823,2016
HWE,HAIWEE,0.2883333333333333,2016
HND,HANFORD REFINERY,0.6583333333333333,2016
HAP,HAPPY CAMP RS,4.017142857142857,2016
HRR,HARRISON GULCH RS,,2016
HSD,HENSHAW DAM,1.3916666666666666,2016
HTH,HETCH HETCHY,3.3133333333333326,2016
HCK,HOCKETT MEADOW (USACE),3.3316666666666666,2016
HLS,HOLLISTER,0.73375,2016
HOO,HOOPA,4.92,2016
HSS,HOSSACK,4.145833333333334,2016
IMP,IMPERIAL VALLEY,0.285,2016
IPN,INDEPENDENCE,0.3225,2016
ISB,ISABELLA DAM,1.2866666666666668,2016
JNL,JUNCAL DAM,1.0725,2016
KP3,KERN PH 3,0.9241666666666669,2016
KR3,KERN R INTAKE NO. 3,1.3649999999999998,2016
OLS,KLAMATH RIVER AT ORLEANS,4.948333333333333,2016
LGB,LAGUNA BEACH,0.752,2016
LGT,LAGUNITAS LAKE,4.074166666666666,2016
ARR,LAKE ARROWHEAD,,2016
LPA,LAKE PALMDALE,,2016
SBN,LAKE SABRINA,1.2283333333333333,2016
LNC,LANCASTER FSS FAA,,2016
LMC,LEMON COVE,1.5183333333333329,2016
LND,LINDSAY,1.221666666666667,2016
LDG,LODGEPOLE,2.919166666666667,2016
LCC,LOS ANGELES CIVIC CENTER,0.5733333333333334,2016
LAN,LOS ANGELES-WSO AIRPORT,0.605,2016
LSB,LOS BANOS,1.0958333333333334,2016
LYT,LYTLE CREEK R S,,2016
MDR,MADERA,1.0616666666666665,2016
MRP,MARIPOSA RANGER STATION,2.4708333333333337,2016
MKV,MARKLEEVILLE,,2016
MLD,MCCLOUD,3.8275,2016
MFS,MERCED,1.018181818181818,2016
MNR,MINERAL (OBSERVER),7.7875000000000005,2016
MCN,MOCCASIN,2.6091666666666664,2016
MDE,MODESTO IRRIG DISTRICT OFFICE,2.0840000000000005,2016
MTY,MONTEREY AIRPORT,,2016
HML,MOUNT HAMILTON,3.0936363636363637,2016
MSC,MOUNT SHASTA CITY,3.450833333333333,2016
WLS,MOUNT WILSON NO 2,2.0708333333333333,2016
MNH,MOUNTAIN HOME,3.4816666666666656,2016
MTP,MOUNTAIN PASS,,2016
NSH,NAPA FIRE DEPARTMENT,2.0349999999999997,2016
NDL,NEEDLES,0.25,2016
NVD,NEVADA CITY,5.229166666666667,2016
EXC,NEW EXCHEQUER-LK MCCLURE,2.1675000000000004,2016
NLD,NILAND,0.0,2016
NFR,NORTH FORK R S,3.121818181818182,2016
OSM,OCEANSIDE MARINA,0.4227272727272727,2016
ORL,ORLAND,2.2459999999999996,2016
OXN,OXNARD,0.5508333333333333,2016
PCF,PACIFIC HOUSE (OBSERVER),4.916666666666667,2016
PMS,PALM SPRINGS,0.29583333333333334,2016
PNH,PANOCHE 2W,0.945,2016
PSC,PASCOES,,2016
PNF,PINE FLAT DAM,1.955,2016
PCV,PLACERVILLE,3.641666666666667,2016
PLE,PLUMAS EUREKA PARK,5.228333333333334,2016
PRT,PORTOLA,2.185,2016
QNC,QUINCY RS (USFS),4.301666666666667,2016
RBF,RED BLUFF,3.168571428571429,2016
RGC,ROGERS CAMP,3.0758333333333336,2016
HEA,RUSSIAN RIVER NEAR HEALDSBURG,,2016
SCR,SACRAMENTO WB CITY,1.42,2016
SGH,SAGEHEN CREEK,4.856249999999999,2016
SAP,SALINAS NO2,1.55,2016
SDG,SAN DIEGO NWS-LINDBERGH FIELD,0.6816666666666666,2016
SFF,SAN FRANCISCO WB AP,1.4358333333333333,2016
SLO,SAN LUIS OBISPO POLY,1.5016666666666667,2016
ANA,SANTA ANA FIRE STA,0.43416666666666665,2016
SBR,SANTA BARBARA SANITATION,0.8516666666666665,2016
CRZ,SANTA CRUZ,2.7191666666666667,2016
SRO,SANTA ROSA,4.5128571428571425,2016
SCA,SCOTIA,4.62,2016
SRR,SIERRAVILLE RS (USFS),2.53,2016
SLP,SLY PARK,5.120833333333333,2016
SSG,SODA SPRINGS 1 E,5.6499999999999995,2016
SOR,SONORA RS,2.589166666666667,2016
SEY,SOUTH ENTRANCE YOSEMITE,3.2281818181818185,2016
SLK,SOUTH LAKE,1.503333333333333,2016
SGV,SPRINGVILLE TULE POWERPLANT,2.1808333333333327,2016
SNH,STANDISH HICKEY PARK,,2016
STK,STOCKTON FIRE STATION 4,,2016
STG,STONY GORGE RESERVOIR,1.5450000000000006,2016
STV,STRAWBERRY VALLEY,7.479166666666667,2016
SCC,SUCCESS DAM,1.488333333333333,2016
SSN,SUSANVILLE,1.245,2016
TAC,TAHOE CITY (NWS),2.6933333333333334,2016
TRM,TERMINUS DAM,1.5125,2016
3RV,THREE RIVERS PH NO 1,2.101818181818182,2016
TCR,TRACY CARBONA,0.8574999999999999,2016
TKE,TRUCKEE RS (OBS),2.556666666666667,2016
29P,TWENTYNINE PALMS,0.14416666666666667,2016
UKH,UKIAH,3.0433333333333334,2016
VNT,VINTON,1.3991666666666667,2016
VSL,VISALIA,0.8141666666666668,2016
WSC,WASCO,0.6224999999999999,2016
WTW,WATSONVILLE WATER,2.2600000000000002,2016
WVR,WEAVERVILLE RS,3.544166666666667,2016
WPT,WEST POINT,4.2908333333333335,2016
WDL,WOODLAND 1 WNW,1.26,2016
YSV,YOSEMITE HEADQUARTERS,3.233333333333333,2016
YRK,YREKA,1.8008333333333335,2016
ALT,ALTURAS RS,1.2416666666666665,2017
APU,ANGWIN PACIFIC UNION COL,7.722222222222222,2017
ASM,ASH MOUNTAIN,2.9741666666666657,2017
ATW,ATWELL CAMP,5.810833333333334,2017
ABR,AUBERRY 2 NW,3.7041666666666657,2017
AUB,AUBURN,3.0608333333333335,2017
BFK,BAKERSFIELD AIRPORT,0.695,2017
BFS,BARSTOW,0.44083333333333324,2017
BRM,BEAR TRAP MEADOW,5.452500000000001,2017
BGB,BIG BAR,5.422999999999999,2017
BBE,BIG BEAR LAKE,2.271666666666667,2017
BGC,BIG CREEK 1,4.604166666666667,2017
BGS,BIG SUR STATE PARK,6.485,2017
BIS,BISHOP,0.8575,2017
BYM,BLUE CANYON (DWR-2),11.295,2017
BLY,BLYTHE,0.4491666666666667,2017
BCA,BOCA,4.480833333333334,2017
BDE,BODIE,1.5922222222222222,2017
BOW,BOWMAN,11.508333333333333,2017
BDG,BRIDGEPORT R S,1.7754545454545456,2017
BCM,BRUSH CREEK (DWR-2),10.603333333333332,2017
CCH,CACHUMA LAKE,2.123333333333333,2017
CVT,CALAVERAS BIG TREES,8.254166666666666,2017
CAL,CALLAHAN,2.501818181818182,2017
CPD,CAMP PARDEE,3.7141666666666655,2017
CPT,CAPLES (TWIN) LAKE,7.025833333333332,2017
CDV,CEDARVILLE,1.885,2017
CHL,CHALLENGE RANGER STATION,,2017
CVD,CHERRY VALLEY DAM,8.189166666666665,2017
CHS,CHESTER,4.501666666666667,2017
CES,CHICO UNIV FARM,2.2463636363636366,2017
CNL,CHINA LAKE ARMITAGE,0.3841666666666667,2017
CLN,COALINGA,0.8416666666666667,2017
CFF,COFFEE CREEK RANGER STATION,7.745,2017
CLF,COLFAX,6.904166666666668,2017
CTT,COTTONWOOD GATES,0.9150000000000001,2017
COV,COVELO 1 NNE,9.813333333333333,2017
CEC,CRESCENT CITY MC NAMARA FIELD,7.9675,2017
CRC,CROOKED CREEK (LONG VALLEY),1.6891666666666663,2017
CUY,CUYAMACA DAM,2.7681818181818176,2017
DVS,DAVIS 2WSW,2.9950000000000006,2017
DSB,DE SABLA (PG&E),8.758333333333335,2017
DTV,DEATH VALLEY,0.15083333333333335,2017
DMS,DONNER MEM ST PARK,8.265,2017
DWV,DOWNIEVILLE,10.7475,2017
DYL,DOYLE,2.9711111111111115,2017
DNM,DUNSMUIR TREATMENT PLANT,8.714999999999998,2017
EGL,EAGLE CREEK,2.9588888888888887,2017
ELC,EL CAPITAN DAM,1.5290909090909088,2017
ERY,ELLERY LAKE,3.063333333333333,2017
ELS,ELSINORE,1.4541666666666664,2017
ENG,ENGLEBRIGHT (USACE),4.9925,2017
ERK,EUREKA WOODLEY ISLAND,5.312500000000001,2017
FRF,FAIRFIELD,3.5525,2017
FMT,FAIRMONT,1.1275,2017
NIC,FEATHER RIVER NEAR NICOLAUS,2.5708333333333333,2017
FDD,FIDDLETOWN,5.627499999999999,2017
FLR,FLORENCE LAKE (SCE),3.320833333333334,2017
FLD,FOLSOM DAM - FOLSOM POINT (DYKE 8),3.354166666666666,2017
FRH,FORESTHILL R S,9.196666666666667,2017
FBW,FORT BIDWELL,2.453,2017
FJN,FORT JONES RS,2.789999999999999,2017
FRR,FORT ROSS,4.54125,2017
FRO,FRESNO WB AIRPORT,1.4466666666666665,2017
GAS,GASQUET RANGER STATION,12.975000000000001,2017
GLK,GEM  LAKE,2.611666666666667,2017
GRG,GEORGETOWN RS (USFS),8.478333333333333,2017
GNF,GIANT FOREST (USACE),8.89,2017
GLV,GLENVILLE FS,2.48,2017
GRO,GRANT GROVE,6.375,2017
GSV,GRASS VALLEY,7.9941666666666675,2017
GNV,GREENVILLE RS,,2017
GVL,GROVELAND R S,5.429999999999999,2017
GHS,GROVER HOT SPRINGS,3.9683333333333333,2017
HWE,HAIWEE,0.9275000000000001,2017
HND,HANFORD REFINERY,0.9341666666666666,2017
HAP,HAPPY CAMP RS,7.076666666666664,2017
HRR,HARRISON GULCH RS,,2017
HSD,HENSHAW DAM,2.398181818181818,2017
HTH,HETCH HETCHY,5.4225,2017
HCK,HOCKETT MEADOW (USACE),4.526999999999999,2017
HLS,HOLLISTER,1.6566666666666665,2017
HOO,HOOPA,8.256,2017
HSS,HOSSACK,1.6987500000000002,2017
IMP,IMPERIAL VALLEY,0.3071428571428571,2017
IPN,INDEPENDENCE,1.0175,2017
ISB,ISABELLA DAM,2.6975,2017
JNL,JUNCAL DAM,2.5325,2017
KP3,KERN PH 3,1.9175000000000002,2017
KR3,KERN R INTAKE NO. 3,2.483333333333334,2017
OLS,KLAMATH RIVER AT ORLEANS,6.385833333333333,2017
LGB,LAGUNA BEACH,2.3063636363636366,2017
LGT,LAGUNITAS LAKE,13.64857142857143,2017
ARR,LAKE ARROWHEAD,,2017
LPA,LAKE PALMDALE,0.8442857142857142,2017
SBN,LAKE SABRINA,2.2283333333333335,2017
LNC,LANCASTER FSS FAA,1.2680000000000002,2017
LMC,LEMON COVE,1.5925000000000002,2017
LFH,LEWISTON FISH HATCHERY,3.9218181818181814,2017
LND,LINDSAY,1.616666666666667,2017
LDG,LODGEPOLE,6.0775,2017
LCC,LOS ANGELES CIVIC CENTER,1.5891666666666666,2017
LAN,LOS ANGELES-WSO AIRPORT,1.3666666666666665,2017
LSB,LOS BANOS,1.1166666666666667,2017
LYT,LYTLE CREEK R S,,2017
MDR,MADERA,1.2016666666666667,2017
MRP,MARIPOSA RANGER STATION,4.726666666666667,2017
MKV,MARKLEEVILLE,,2017
MLD,MCCLOUD,6.350833333333334,2017
MFS,MERCED,1.424166666666667,2017
MNR,MINERAL (OBSERVER),7.730833333333336,2017
MCN,MOCCASIN,3.6008333333333327,2017
MDE,MODESTO IRRIG DISTRICT OFFICE,1.406666666666667,2017
MTY,MONTEREY AIRPORT,3.8699999999999997,2017
HML,MOUNT HAMILTON,3.7116666666666664,2017
MSC,MOUNT SHASTA CITY,5.048333333333333,2017
WLS,MOUNT WILSON NO 2,3.863333333333333,2017
MNH,MOUNTAIN HOME,1.2812500000000002,2017
MTP,MOUNTAIN PASS,,2017
NSH,NAPA FIRE DEPARTMENT,3.7499999999999996,2017
NDL,NEEDLES,0.30083333333333334,2017
NVD,NEVADA CITY,8.6475,2017
EXC,NEW EXCHEQUER-LK MCCLURE,2.4208333333333334,2017
NMQ,NEW MELONES DAM HQ,4.089166666666667,2017
NLD,NILAND,,2017
NFR,NORTH FORK R S,5.410833333333334,2017
OSM,OCEANSIDE MARINA,1.3175,2017
ORL,ORLAND,2.225,2017
OXN,OXNARD,1.8816666666666666,2017
PCF,PACIFIC HOUSE (OBSERVER),8.8425,2017
PMS,PALM SPRINGS,0.7516666666666666,2017
PNH,PANOCHE 2W,0.817142857142857,2017
PSC,PASCOES,,2017
PNF,PINE FLAT DAM,2.643333333333333,2017
PCV,PLACERVILLE,6.039166666666666,2017
PLE,PLUMAS EUREKA PARK,9.799999999999999,2017
PRT,PORTOLA,4.076666666666667,2017
QNC,QUINCY RS (USFS),6.7425,2017
RBF,RED BLUFF,2.2925,2017
RGC,ROGERS CAMP,3.4100000000000006,2017
HEA,RUSSIAN RIVER NEAR HEALDSBURG,,2017
SCR,SACRAMENTO WB CITY,2.8241666666666663,2017
SGH,SAGEHEN CREEK,5.504166666666666,2017
SAP,SALINAS NO2,1.8890909090909092,2017
SDG,SAN DIEGO NWS-LINDBERGH FIELD,1.0608333333333333,2017
SFF,SAN FRANCISCO WB AP,2.7033333333333336,2017
SLO,SAN LUIS OBISPO POLY,3.0283333333333338,2017
ANA,SANTA ANA FIRE STA,1.4249999999999998,2017
SBR,SANTA BARBARA SANITATION,2.041666666666667,2017
CRZ,SANTA CRUZ,4.259166666666667,2017
SRO,SANTA ROSA,4.0,2017
SCA,SCOTIA,6.274166666666666,2017
SRR,SIERRAVILLE RS (USFS),4.999999999999999,2017
SLP,SLY PARK,7.468333333333334,2017
SSG,SODA SPRINGS 1 E,10.054166666666665,2017
SOR,SONORA RS,4.275833333333334,2017
SEY,SOUTH ENTRANCE YOSEMITE,5.43,2017
SLK,SOUTH LAKE,3.258333333333334,2017
SGV,SPRINGVILLE TULE POWERPLANT,4.796666666666667,2017
SNH,STANDISH HICKEY PARK,,2017
STK,STOCKTON FIRE STATION 4,0.0033333333333333335,2017
STG,STONY GORGE RESERVOIR,2.211666666666667,2017
STV,STRAWBERRY VALLEY,12.505833333333335,2017
SCC,SUCCESS DAM,1.5391666666666666,2017
SSN,SUSANVILLE,2.294166666666667,2017
TAC,TAHOE CITY (NWS),5.7275,2017
TRM,TERMINUS DAM,1.6275000000000002,2017
3RV,THREE RIVERS PH NO 1,2.061818181818182,2017
TCR,TRACY CARBONA,1.7491666666666668,2017
TKE,TRUCKEE RS (OBS),4.904999999999999,2017
29P,TWENTYNINE PALMS,0.3841666666666666,2017
UKH,UKIAH,5.119166666666666,2017
VNT,VINTON,3.0625000000000004,2017
VSL,VISALIA,1.1633333333333333,2017
WSC,WASCO,0.6691666666666668,2017
WTW,WATSONVILLE WATER,3.3200000000000003,2017
WVR,WEAVERVILLE RS,4.839166666666666,2017
WPT,WEST POINT,5.66,2017
WDL,WOODLAND 1 WNW,2.8725,2017
YSV,YOSEMITE HEADQUARTERS,6.276666666666666,2017
YRK,YREKA,2.0708333333333333,2017
ALT,ALTURAS RS,1.0166666666666668,2018
APU,ANGWIN PACIFIC UNION COL,2.1308333333333334,2018
ASM,ASH MOUNTAIN,1.3125,2018
ATW,ATWELL CAMP,2.2175,2018
ABR,AUBERRY 2 NW,1.5866666666666667,2018
AUB,AUBURN,1.7916666666666667,2018
BFK,BAKERSFIELD AIRPORT,0.3291666666666667,2018
BFS,BARSTOW,0.20166666666666666,2018
BRM,BEAR TRAP MEADOW,2.7825,2018
BGB,BIG BAR,1.8150000000000004,2018
BBE,BIG BEAR LAKE,0.8300000000000001,2018
BGC,BIG CREEK 1,1.9841666666666666,2018
BGS,BIG SUR STATE PARK,2.435,2018
BIS,BISHOP,0.37999999999999995,2018
BYM,BLUE CANYON (DWR-2),5.465833333333333,2018
BLY,BLYTHE,0.0825,2018
BCA,BOCA,1.8758333333333335,2018
BDE,BODIE,1.2066666666666666,2018
BOW,BOWMAN,5.623333333333334,2018
BDG,BRIDGEPORT R S,0.5874999999999999,2018
BCM,BRUSH CREEK (DWR-2),4.809166666666667,2018
CCH,CACHUMA LAKE,0.7766666666666667,2018
CVT,CALAVERAS BIG TREES,3.6741666666666664,2018
CAL,CALLAHAN,1.079090909090909,2018
CPD,CAMP PARDEE,1.6683333333333332,2018
CPT,CAPLES (TWIN) LAKE,3.683333333333334,2018
CDV,CEDARVILLE,1.235,2018
CHL,CHALLENGE RANGER STATION,,2018
CVD,CHERRY VALLEY DAM,3.195,2018
CHS,CHESTER,2.723333333333333,2018
CES,CHICO UNIV FARM,1.5033333333333332,2018
CNL,CHINA LAKE ARMITAGE,0.10833333333333334,2018
CLN,COALINGA,0.3733333333333333,2018
CFF,COFFEE CREEK RANGER STATION,2.9808333333333334,2018
CLF,COLFAX,3.596666666666667,2018
CTT,COTTONWOOD GATES,0.09416666666666668,2018
COV,COVELO 1 NNE,4.255,2018
CEC,CRESCENT CITY MC NAMARA FIELD,3.8316666666666666,2018
CRC,CROOKED CREEK (LONG VALLEY),0.9575000000000001,2018
CUY,CUYAMACA DAM,1.2166666666666666,2018
DVS,DAVIS 2WSW,0.9166666666666669,2018
DSB,DE SABLA (PG&E),4.348333333333334,2018
DTV,DEATH VALLEY,0.06083333333333334,2018
DMS,DONNER MEM ST PARK,4.0600000000000005,2018
DWV,DOWNIEVILLE,4.963333333333333,2018
DYL,DOYLE,1.4375,2018
DNM,DUNSMUIR TREATMENT PLANT,3.466666666666667,2018
EGL,EAGLE CREEK,2.1491666666666664,2018
ELC,EL CAPITAN DAM,0.6024999999999999,2018
ERY,ELLERY LAKE,1.6108333333333331,2018
ELS,ELSINORE,0.2775,2018
ENG,ENGLEBRIGHT (USACE),2.5141666666666667,2018
ERK,EUREKA WOODLEY ISLAND,3.0825,2018
FRF,FAIRFIELD,1.23,2018
FMT,FAIRMONT,0.7208333333333333,2018
NIC,FEATHER RIVER NEAR NICOLAUS,,2018
FDD,FIDDLETOWN,2.765,2018
FLR,FLORENCE LAKE (SCE),1.4858333333333336,2018
FLD,FOLSOM DAM - FOLSOM POINT (DYKE 8),1.6708333333333334,2018
FRH,FORESTHILL R S,4.323333333333333,2018
FBW,FORT BIDWELL,1.2583333333333333,2018
FJN,FORT JONES RS,1.015,2018
FRR,FORT ROSS,2.285833333333333,2018
FRO,FRESNO WB AIRPORT,0.5608333333333333,2018
GAS,GASQUET RANGER STATION,6.77,2018
GLK,GEM  LAKE,1.2583333333333333,2018
GRG,GEORGETOWN RS (USFS),4.189166666666667,2018
GNF,GIANT FOREST (USACE),2.8636363636363638,2018
GLV,GLENVILLE FS,0.9216666666666665,2018
GRO,GRANT GROVE,2.8491666666666666,2018
GSV,GRASS VALLEY,3.9966666666666666,2018
GNV,GREENVILLE RS,,2018
GVL,GROVELAND R S,2.6308333333333334,2018
GHS,GROVER HOT SPRINGS,1.6758333333333335,2018
HWE,HAIWEE,0.30916666666666665,2018
HND,HANFORD REFINERY,0.39166666666666666,2018
HAP,HAPPY CAMP RS,2.5766666666666667,2018
HRR,HARRISON GULCH RS,,2018
HSD,HENSHAW DAM,0.8199999999999998,2018
HTH,HETCH HETCHY,2.665,2018
HCK,HOCKETT MEADOW (USACE),2.425833333333333,2018
HLS,HOLLISTER,0.5933333333333334,2018
HOO,HOOPA,3.3887500000000004,2018
HSS,HOSSACK,2.4816666666666665,2018
IMP,IMPERIAL VALLEY,,2018
IPN,INDEPENDENCE,0.1958333333333333,2018
ISB,ISABELLA DAM,0.8291666666666666,2018
JNL,JUNCAL DAM,1.1133333333333333,2018
KP3,KERN PH 3,0.5191666666666667,2018
KR3,KERN R INTAKE NO. 3,0.6625,2018
OLS,KLAMATH RIVER AT ORLEANS,3.569999999999999,2018
LGB,LAGUNA BEACH,0.0025,2018
LGT,LAGUNITAS LAKE,3.2533333333333334,2018
ARR,LAKE ARROWHEAD,0.25,2018
LPA,LAKE PALMDALE,,2018
SBN,LAKE SABRINA,1.2808333333333333,2018
LNC,LANCASTER FSS FAA,,2018
LMC,LEMON COVE,0.745,2018
LFH,LEWISTON FISH HATCHERY,0.58,2018
LND,LINDSAY,0.5499999999999999,2018
LDG,LODGEPOLE,2.1275,2018
LCC,LOS ANGELES CIVIC CENTER,0.3933333333333333,2018
LAN,LOS ANGELES-WSO AIRPORT,0.3158333333333333,2018
LSB,LOS BANOS,0.46749999999999997,2018
LYT,LYTLE CREEK R S,,2018
MDR,MADERA,0.37833333333333324,2018
MRP,MARIPOSA RANGER STATION,2.0341666666666667,2018
MKV,MARKLEEVILLE,,2018
MLD,MCCLOUD,2.3483333333333336,2018
MFS,MERCED,0.7008333333333332,2018
MNR,MINERAL (OBSERVER),3.606666666666666,2018
MCN,MOCCASIN,1.8908333333333331,2018
MDE,MODESTO IRRIG DISTRICT OFFICE,0.6208333333333332,2018
MTY,MONTEREY AIRPORT,1.2175,2018
HML,MOUNT HAMILTON,1.8136363636363635,2018
MSC,MOUNT SHASTA CITY,1.6049999999999998,2018
WLS,MOUNT WILSON NO 2,1.6283333333333332,2018
MNH,MOUNTAIN HOME,1.4591666666666665,2018
MTP,MOUNTAIN PASS,,2018
NSH,NAPA FIRE DEPARTMENT,1.6016666666666666,2018
NDL,NEEDLES,0.16166666666666665,2018
NVD,NEVADA CITY,4.159166666666667,2018
EXC,NEW EXCHEQUER-LK MCCLURE,1.3499999999999999,2018
NMQ,NEW MELONES DAM HQ,1.7516666666666667,2018
NLD,NILAND,,2018
NFR,NORTH FORK R S,2.1125,2018
OSM,OCEANSIDE MARINA,0.47333333333333333,2018
ORL,ORLAND,0.8333333333333334,2018
OXN,OXNARD,0.5316666666666666,2018
PCF,PACIFIC HOUSE (OBSERVER),4.038333333333333,2018
PMS,PALM SPRINGS,0.2333333333333333,2018
PNH,PANOCHE 2W,0.48875,2018
PSC,PASCOES,,2018
PNF,PINE FLAT DAM,1.2266666666666666,2018
PCV,PLACERVILLE,2.9516666666666667,2018
PLE,PLUMAS EUREKA PARK,4.7275,2018
PRT,PORTOLA,1.9833333333333336,2018
QNC,QUINCY RS (USFS),3.096666666666667,2018
RBF,RED BLUFF,1.2058333333333333,2018
RGC,ROGERS CAMP,1.9633333333333336,2018
HEA,RUSSIAN RIVER NEAR HEALDSBURG,,2018
SCR,SACRAMENTO WB CITY,1.3299999999999998,2018
SGH,SAGEHEN CREEK,2.994166666666667,2018
SAP,SALINAS NO2,1.1444444444444446,2018
SDG,SAN DIEGO NWS-LINDBERGH FIELD,0.2783333333333333,2018
SFF,SAN FRANCISCO WB AP,1.155,2018
SLO,SAN LUIS OBISPO POLY,1.1716666666666666,2018
ANA,SANTA ANA FIRE STA,0.22166666666666668,2018
SBR,SANTA BARBARA SANITATION,0.6916666666666668,2018
CRZ,SANTA CRUZ,1.6300000000000001,2018
SRO,SANTA ROSA,2.961111111111111,2018
SCA,SCOTIA,2.81,2018
SRR,SIERRAVILLE RS (USFS),2.1991666666666667,2018
SLP,SLY PARK,3.4558333333333326,2018
SSG,SODA SPRINGS 1 E,5.055833333333333,2018
SOR,SONORA RS,2.0033333333333334,2018
SEY,SOUTH ENTRANCE YOSEMITE,2.3924999999999996,2018
SLK,SOUTH LAKE,1.6766666666666667,2018
SGV,SPRINGVILLE TULE POWERPLANT,1.8691666666666669,2018
SNH,STANDISH HICKEY PARK,,2018
STK,STOCKTON FIRE STATION 4,0.7683333333333334,2018
STG,STONY GORGE RESERVOIR,0.8091666666666667,2018
STV,STRAWBERRY VALLEY,5.5183333333333335,2018
SCC,SUCCESS DAM,0.9866666666666668,2018
SSN,SUSANVILLE,0.8716666666666667,2018
TAC,TAHOE CITY (NWS),2.668333333333333,2018
TRM,TERMINUS DAM,0.725,2018
3RV,THREE RIVERS PH NO 1,1.0208333333333333,2018
TCR,TRACY CARBONA,0.7175000000000001,2018
TKE,TRUCKEE RS (OBS),2.3216666666666668,2018
29P,TWENTYNINE PALMS,0.2009090909090909,2018
UKH,UKIAH,2.3433333333333333,2018
VNT,VINTON,1.3433333333333337,2018
VSL,VISALIA,0.5141666666666667,2018
WSC,WASCO,0.32166666666666666,2018
WTW,WATSONVILLE WATER,1.2550000000000001,2018
WVR,WEAVERVILLE RS,2.1700000000000004,2018
WPT,WEST POINT,2.8074999999999997,2018
WDL,WOODLAND 1 WNW,1.257272727272727,2018
YSV,YOSEMITE HEADQUARTERS,2.2916666666666665,2018
YRK,YREKA,0.9341666666666667,2018
ASM,ASH MOUNTAIN,2.7158333333333338,2019
ATW,ATWELL CAMP,4.199166666666668,2019
ABR,AUBERRY 2 NW,2.86,2019
AUB,AUBURN,2.64,2019
BFK,BAKERSFIELD AIRPORT,0.6516666666666667,2019
BFS,BARSTOW,0.5275000000000001,2019
BRM,BEAR TRAP MEADOW,4.375,2019
BGB,BIG BAR,2.1666666666666674,2019
BBE,BIG BEAR LAKE,2.9699999999999993,2019
BGC,BIG CREEK 1,3.516363636363636,2019
BGS,BIG SUR STATE PARK,5.3133333333333335,2019
BIS,BISHOP,0.7983333333333333,2019
BYM,BLUE CANYON (DWR-2),8.203000000000001,2019
BLY,BLYTHE,0.19363636363636366,2019
BCA,BOCA,2.735,2019
BDE,BODIE,1.4525,2019
BOW,BOWMAN,7.254999999999999,2019
BDG,BRIDGEPORT R S,1.0654545454545454,2019
BCM,BRUSH CREEK (DWR-2),8.474545454545456,2019
CCH,CACHUMA LAKE,1.9816666666666665,2019
CVT,CALAVERAS BIG TREES,6.131666666666667,2019
CAL,CALLAHAN,2.4108333333333336,2019
CPD,CAMP PARDEE,2.315,2019
CPT,CAPLES (TWIN) LAKE,5.256363636363637,2019
CDV,CEDARVILLE,1.4333333333333333,2019
CHL,CHALLENGE RANGER STATION,,2019
CVD,CHERRY VALLEY DAM,5.310833333333333,2019
CHS,CHESTER,3.3433333333333324,2019
CES,CHICO UNIV FARM,3.151666666666667,2019
CNL,CHINA LAKE ARMITAGE,0.49727272727272714,2019
CLN,COALINGA,0.8666666666666666,2019
CFF,COFFEE CREEK RANGER STATION,5.435833333333334,2019
CLF,COLFAX,5.005,2019
CTT,COTTONWOOD GATES,0.8416666666666667,2019
COV,COVELO 1 NNE,4.430833333333334,2019
CEC,CRESCENT CITY MC NAMARA FIELD,4.965000000000001,2019
CRC,CROOKED CREEK (LONG VALLEY),1.2783333333333333,2019
CUY,CUYAMACA DAM,3.57,2019
DVS,DAVIS 2WSW,2.670909090909091,2019
DSB,DE SABLA (PG&E),7.686666666666665,2019
DTV,DEATH VALLEY,0.23083333333333333,2019
DMS,DONNER MEM ST PARK,3.9218181818181814,2019
DWV,DOWNIEVILLE,7.479166666666667,2019
DYL,DOYLE,1.2463636363636363,2019
DNM,DUNSMUIR TREATMENT PLANT,7.0025,2019
EGL,EAGLE CREEK,4.498333333333334,2019
ELC,EL CAPITAN DAM,2.1025,2019
ERY,ELLERY LAKE,1.7116666666666662,2019
ELS,ELSINORE,1.3499999999999999,2019
ENG,ENGLEBRIGHT (USACE),3.9925,2019
ERK,EUREKA WOODLEY ISLAND,3.6316666666666673,2019
FRF,FAIRFIELD,2.7449999999999997,2019
FMT,FAIRMONT RESERVOIR,1.441666666666667,2019
NIC,FEATHER RIVER NEAR NICOLAUS,2.388181818181818,2019
FDD,FIDDLETOWN,4.26,2019
FLR,FLORENCE LAKE (SCE),2.284166666666667,2019
FLD,FOLSOM DAM - FOLSOM POINT (DYKE 8),2.146666666666667,2019
FRH,FORESTHILL R S,5.879166666666666,2019
FBW,FORT BIDWELL,2.0475000000000003,2019
FJN,FORT JONES RS,1.7341666666666666,2019
FRR,FORT ROSS,4.7458333333333345,2019
FRO,FRESNO WB AIRPORT,0.9875000000000002,2019
GAS,GASQUET RANGER STATION,8.243333333333332,2019
GLK,GEM  LAKE,2.07,2019
GRG,GEORGETOWN RS (USFS),5.348333333333334,2019
GNF,GIANT FOREST (USACE),4.631666666666666,2019
GLV,GLENVILLE FS,1.9275,2019
GRO,GRANT GROVE,4.5633333333333335,2019
GSV,GRASS VALLEY,5.679166666666667,2019
GVL,GROVELAND R S,3.9200000000000004,2019
GHS,GROVER HOT SPRINGS,2.5724999999999993,2019
HWE,HAIWEE,0.8925,2019
HND,HANFORD REFINERY,0.7916666666666666,2019
HAP,HAPPY CAMP RS,4.3883333333333345,2019
HRR,HARRISON GULCH RS,,2019
HSD,HENSHAW DAM,2.9341666666666666,2019
HTH,HETCH HETCHY,3.4441666666666664,2019
HCK,HOCKETT MEADOW (USACE),3.8558333333333334,2019
HLS,HOLLISTER,1.5008333333333335,2019
HOO,HOOPA,4.875,2019
HSS,HOSSACK,4.979166666666667,2019
IMP,IMPERIAL VALLEY,0.24666666666666667,2019
IPN,INDEPENDENCE,0.6883333333333334,2019
ISB,ISABELLA DAM,2.1691666666666665,2019
JNL,JUNCAL DAM,3.2218181818181817,2019
KP3,KERN PH 3,1.7374999999999998,2019
KR3,KERN R INTAKE NO. 3,2.590909090909091,2019
OLS,KLAMATH RIVER AT ORLEANS,4.357499999999999,2019
LGB,LAGUNA BEACH,,2019
LGT,LAGUNITAS LAKE,6.439999999999999,2019
ARR,LAKE ARROWHEAD,4.193636363636363,2019
LPA,LAKE PALMDALE,1.1083333333333334,2019
SBN,LAKE SABRINA,1.5775,2019
LNC,LANCASTER FSS FAA,0.9314285714285714,2019
LMC,LEMON COVE,1.4266666666666667,2019
LFH,LEWISTON FISH HATCHERY,3.203333333333333,2019
LND,LINDSAY,0.9891666666666666,2019
LDG,LODGEPOLE,7.5600000000000005,2019
LCC,LOS ANGELES CIVIC CENTER,1.5708333333333335,2019
LAN,LOS ANGELES-WSO AIRPORT,1.4158333333333335,2019
LSB,LOS BANOS,0.7975000000000002,2019
LYT,LYTLE CREEK R S,,2019
MDR,MADERA,0.945,2019
MRP,MARIPOSA RANGER STATION,3.1950000000000003,2019
MKV,MARKLEEVILLE,1.823333333333333,2019
MLD,MCCLOUD,5.020833333333333,2019
MFS,MERCED,1.1408333333333334,2019
MNR,MINERAL (OBSERVER),6.301666666666666,2019
MCN,MOCCASIN,2.7158333333333338,2019
MDE,MODESTO IRRIG DISTRICT OFFICE,1.1545454545454545,2019
MTY,MONTEREY AIRPORT,2.8271428571428574,2019
HML,MOUNT HAMILTON,3.328333333333333,2019
MSC,MOUNT SHASTA CITY,3.848333333333333,2019
WLS,MOUNT WILSON NO 2,5.119166666666667,2019
MNH,MOUNTAIN HOME,4.219166666666667,2019
MTP,MOUNTAIN PASS,,2019
NSH,NAPA FIRE DEPARTMENT,2.774166666666666,2019
NDL,NEEDLES,0.4825000000000001,2019
NVD,NEVADA CITY,6.386666666666666,2019
EXC,NEW EXCHEQUER-LK MCCLURE,2.1575,2019
NMQ,NEW MELONES DAM HQ,3.615,2019
NLD,NILAND,0.3109090909090909,2019
NFR,NORTH FORK R S,3.4416666666666664,2019
OSM,OCEANSIDE MARINA,1.195833333333333,2019
ORL,ORLAND,2.751666666666667,2019
OXN,OXNARD,1.7333333333333334,2019
PCF,PACIFIC HOUSE (OBSERVER),6.264166666666668,2019
PMS,PALM SPRINGS,0.7366666666666667,2019
PNH,PANOCHE 2W,1.175,2019
PSC,PASCOES,,2019
PNF,PINE FLAT DAM,2.355,2019
PCV,PLACERVILLE,4.231666666666667,2019
PLE,PLUMAS EUREKA PARK,5.653333333333332,2019
PRT,PORTOLA,2.5941666666666663,2019
QNC,QUINCY RS (USFS),5.100833333333333,2019
RBF,RED BLUFF,2.9954545454545456,2019
RGC,ROGERS CAMP,4.562499999999999,2019
HEA,RUSSIAN RIVER NEAR HEALDSBURG,5.624545454545454,2019
SCR,SACRAMENTO WB CITY,2.3936363636363636,2019
SGH,SAGEHEN CREEK,3.8716666666666666,2019
SAP,SALINAS NO2,1.8090909090909093,2019
SDG,SAN DIEGO NWS-LINDBERGH FIELD,1.0775000000000001,2019
SFF,SAN FRANCISCO WB AP,1.9525,2019
SLO,SAN LUIS OBISPO POLY,2.448333333333333,2019
ANA,SANTA ANA FIRE STA,1.4949999999999999,2019
SBR,SANTA BARBARA SANITATION,1.8266666666666664,2019
CRZ,SANTA CRUZ,3.0383333333333336,2019
SRO,SANTA ROSA,3.8858333333333337,2019
SCA,SCOTIA,4.7716666666666665,2019
SRR,SIERRAVILLE RS (USFS),2.4854545454545454,2019
SLP,SLY PARK,5.609999999999999,2019
SSG,SODA SPRINGS 1 E,7.280000000000001,2019
SOR,SONORA RS,3.2816666666666667,2019
SEY,SOUTH ENTRANCE YOSEMITE,3.9508333333333336,2019
SLK,SOUTH LAKE,2.381666666666667,2019
SGV,SPRINGVILLE TULE POWERPLANT,4.023333333333333,2019
SNH,STANDISH HICKEY PARK,,2019
STK,STOCKTON FIRE STATION 4,1.8124999999999998,2019
STG,STONY GORGE RESERVOIR,2.739166666666667,2019
STV,STRAWBERRY VALLEY,9.155833333333334,2019
SCC,SUCCESS DAM,1.5691666666666666,2019
SSN,SUSANVILLE,1.6083333333333334,2019
TAC,TAHOE CITY (NWS),3.654166666666667,2019
TRM,TERMINUS DAM,1.3483333333333334,2019
3RV,THREE RIVERS PH NO 1,2.214166666666667,2019
TCR,TRACY CARBONA,1.198333333333333,2019
TKE,TRUCKEE RS (OBS),2.7108333333333334,2019
29P,TWENTYNINE PALMS,0.47555555555555556,2019
UKH,UKIAH,4.033333333333333,2019
VNT,VINTON,1.3325,2019
VSL,VISALIA,0.8949999999999999,2019
WSC,WASCO,0.6116666666666667,2019
WTW,WATSONVILLE WATER,2.2066666666666666,2019
WVR,WEAVERVILLE RS,3.5941666666666667,2019
WPT,WEST POINT,4.854166666666667,2019
WDL,WOODLAND 1 WNW,2.6418181818181816,2019
YSV,YOSEMITE HEADQUARTERS,3.5775,2019
YRK,YREKA,1.5625,2019
APU,ANGWIN PACIFIC UNION COL,1.9683333333333335,2020
ASM,ASH MOUNTAIN,1.4641666666666666,2020
ATW,ATWELL CAMP,1.7958333333333336,2020
ABR,AUBERRY 2 NW,1.5258333333333336,2020
AUB,AUBURN,1.3325,2020
BFK,BAKERSFIELD AIRPORT,0.6416666666666667,2020
BFS,BARSTOW,0.7174999999999999,2020
BRM,BEAR TRAP MEADOW,2.31,2020
BGB,BIG BAR,1.715833333333334,2020
BBE,BIG BEAR LAKE,1.3133333333333332,2020
BGC,BIG CREEK 1,1.8508333333333338,2020
BGS,BIG SUR STATE PARK,2.4658333333333333,2020
BIS,BISHOP,0.1875,2020
BYM,BLUE CANYON (DWR-2),3.9166666666666665,2020
BLY,BLYTHE,1.1241666666666665,2020
BCA,BOCA,1.0675,2020
BDE,BODIE,0.8066666666666668,2020
BOW,BOWMAN,2.505833333333333,2020
BDG,BRIDGEPORT R S,0.5883333333333333,2020
BCM,BRUSH CREEK (DWR-2),3.8400000000000003,2020
CCH,CACHUMA LAKE,1.7533333333333336,2020
CVT,CALAVERAS BIG TREES,2.584166666666667,2020
CAL,CALLAHAN,0.9758333333333334,2020
CPD,CAMP PARDEE,1.3916666666666668,2020
CPT,CAPLES (TWIN) LAKE,2.8766666666666665,2020
CDV,CEDARVILLE,0.6966666666666669,2020
CVD,CHERRY VALLEY DAM,2.209166666666667,2020
CHS,CHESTER,1.455,2020
CES,CHICO UNIV FARM,1.0025,2020
CNL,CHINA LAKE ARMITAGE,0.15083333333333335,2020
CLN,COALINGA,0.4549999999999999,2020
CFF,COFFEE CREEK RANGER STATION,1.6233333333333333,2020
CLF,COLFAX,2.775833333333333,2020
CTT,COTTONWOOD GATES,0.3941666666666666,2020
COV,COVELO 1 NNE,1.43,2020
CEC,CRESCENT CITY MC NAMARA FIELD,3.3775,2020
CRC,CROOKED CREEK (LONG VALLEY),0.42166666666666663,2020
CUY,CUYAMACA DAM,2.645,2020
DVS,DAVIS 2WSW,1.0399999999999998,2020
DSB,DE SABLA (PG&E),3.1116666666666664,2020
DTV,DEATH VALLEY,0.9258333333333336,2020
DMS,DONNER MEM ST PARK,1.7508333333333328,2020
DWV,DOWNIEVILLE,3.3016666666666663,2020
DYL,DOYLE,0.5016666666666666,2020
DNM,DUNSMUIR TREATMENT PLANT,3.1683333333333334,2020
EGL,EAGLE CREEK,1.865,2020
ELC,EL CAPITAN DAM,0.7608333333333336,2020
ERY,ELLERY LAKE,1.0275000000000003,2020
ELS,ELSINORE,1.0441666666666667,2020
ENG,ENGLEBRIGHT (USACE),1.5424999999999998,2020
ERK,EUREKA WOODLEY ISLAND,1.3325000000000002,2020
FRF,FAIRFIELD,1.1475,2020
FMT,FAIRMONT RESERVOIR,1.2216666666666665,2020
NIC,FEATHER RIVER NEAR NICOLAUS,0.9333333333333331,2020
FDD,FIDDLETOWN,2.1425000000000005,2020
FLR,FLORENCE LAKE (SCE),1.925,2020
FLD,FOLSOM DAM - FOLSOM POINT (DYKE 8),1.0075,2020
FRH,FORESTHILL R S,2.356666666666667,2020
FBW,FORT BIDWELL,1.0558333333333332,2020
FJN,FORT JONES RS,0.615,2020
FRR,FORT ROSS,1.691666666666667,2020
FRO,FRESNO WB AIRPORT,0.6158333333333333,2020
GAS,GASQUET RANGER STATION,5.434166666666666,2020
GLK,GEM  LAKE,0.9100000000000001,2020
GRG,GEORGETOWN RS (USFS),2.4083333333333337,2020
GNF,GIANT FOREST (USACE),2.1816666666666666,2020
GLV,GLENVILLE FS,0.9691666666666666,2020
GRO,GRANT GROVE,2.2500000000000004,2020
GSV,GRASS VALLEY,2.721666666666667,2020
GVL,GROVELAND R S,2.0775,2020
GHS,GROVER HOT SPRINGS,1.7249999999999999,2020
HWE,HAIWEE,0.6791666666666666,2020
HND,HANFORD REFINERY,0.5508333333333334,2020
HAP,HAPPY CAMP RS,1.4425,2020
HTH,HETCH HETCHY,1.3591666666666666,2020
HCK,HOCKETT MEADOW (USACE),1.8950000000000002,2020
HLS,HOLLISTER,1.0125,2020
HOO,HOOPA,2.5791666666666666,2020
HSS,HOSSACK,2.068333333333333,2020
IMP,IMPERIAL VALLEY,0.23583333333333334,2020
IPN,INDEPENDENCE,0.4783333333333333,2020
ISB,ISABELLA DAM,0.9941666666666665,2020
JNL,JUNCAL DAM,1.5116666666666667,2020
KP3,KERN PH 3,0.7458333333333331,2020
KR3,KERN R INTAKE NO. 3,0.7275000000000001,2020
OLS,KLAMATH RIVER AT ORLEANS,1.9425,2020
LGB,LAGUNA BEACH,,2020
LGT,LAGUNITAS LAKE,1.9833333333333334,2020
ARR,LAKE ARROWHEAD,1.2733333333333332,2020
LPA,LAKE PALMDALE,0.734,2020
SBN,LAKE SABRINA,0.9233333333333333,2020
LMC,LEMON COVE,1.1716666666666666,2020
LFH,LEWISTON FISH HATCHERY,1.2808333333333333,2020
LND,LINDSAY,0.7475,2020
LDG,LODGEPOLE,1.803333333333333,2020
LCC,LOS ANGELES CIVIC CENTER,1.4308333333333334,2020
LAN,LOS ANGELES-WSO AIRPORT,0.5383333333333332,2020
MDR,MADERA,0.8491666666666666,2020
MRP,MARIPOSA RANGER STATION,1.2883333333333333,2020
MKV,MARKLEEVILLE,0.9333333333333332,2020
MLD,MCCLOUD,2.4641666666666664,2020
MFS,MERCED,0.8324999999999999,2020
MNR,MINERAL (OBSERVER),2.5125,2020
MCN,MOCCASIN,1.4708333333333334,2020
MDE,MODESTO IRRIG DISTRICT OFFICE,0.5208333333333333,2020
MTY,MONTEREY AIRPORT,,2020
HML,MOUNT HAMILTON,1.465,2020
MSC,MOUNT SHASTA CITY,1.8025000000000002,2020
WLS,MOUNT WILSON NO 2,2.22,2020
MNH,MOUNTAIN HOME,2.0025000000000004,2020
NSH,NAPA FIRE DEPARTMENT,1.1883333333333332,2020
NDL,NEEDLES,0.5175,2020
NVD,NEVADA CITY,2.9925,2020
EXC,NEW EXCHEQUER-LK MCCLURE,1.3941666666666668,2020
NMQ,NEW MELONES DAM HQ,1.9583333333333337,2020
NLD,NILAND,0.3691666666666667,2020
NFR,NORTH FORK R S,1.685833333333333,2020
OSM,OCEANSIDE MARINA,0.5924999999999999,2020
ORL,ORLAND,1.0233333333333332,2020
OXN,OXNARD,1.0199999999999998,2020
PCF,PACIFIC HOUSE (OBSERVER),2.9691666666666663,2020
PMS,PALM SPRINGS,0.2575,2020
PNH,PANOCHE 2W,0.6883333333333334,2020
PSC,PASCOES,1.6830000000000003,2020
PNF,PINE FLAT DAM,0.35833333333333334,2020
PCV,PLACERVILLE,2.0825,2020
PLE,PLUMAS EUREKA PARK,3.2925000000000004,2020
PRT,PORTOLA,0.5749999999999998,2020
QNC,QUINCY RS (USFS),2.0524999999999998,2020
RBF,RED BLUFF,0.9133333333333332,2020
RGC,ROGERS CAMP,1.6641666666666666,2020
HEA,RUSSIAN RIVER NEAR HEALDSBURG,2.1075,2020
SCR,SACRAMENTO WB CITY,0.9083333333333333,2020
SGH,SAGEHEN CREEK,2.3925,2020
SAP,SALINAS NO2,1.0608333333333333,2020
SDG,SAN DIEGO NWS-LINDBERGH FIELD,0.5833333333333333,2020
SFF,SAN FRANCISCO WB AP,0.7833333333333333,2020
SLO,SAN LUIS OBISPO POLY,1.3308333333333333,2020
ANA,SANTA ANA FIRE STA,0.7358333333333333,2020
SBR,SANTA BARBARA SANITATION,1.3366666666666667,2020
CRZ,SANTA CRUZ,1.5783333333333334,2020
SRO,SANTA ROSA,1.3216666666666668,2020
SCA,SCOTIA,2.535,2020
SRR,SIERRAVILLE RS (USFS),0.6875,2020
SLP,SLY PARK,2.72,2020
SSG,SODA SPRINGS 1 E,2.0658333333333334,2020
SOR,SONORA RS,2.181666666666666,2020
SEY,SOUTH ENTRANCE YOSEMITE,2.096666666666667,2020
SLK,SOUTH LAKE,1.0450000000000002,2020
SGV,SPRINGVILLE TULE POWERPLANT,1.84,2020
SNH,STANDISH HICKEY PARK,3.3524999999999996,2020
STK,STOCKTON FIRE STATION 4,0.8741666666666666,2020
STG,STONY GORGE RESERVOIR,0.7575,2020
STV,STRAWBERRY VALLEY,4.0175,2020
SCC,SUCCESS DAM,0.8958333333333335,2020
SSN,SUSANVILLE,0.6366666666666667,2020
TAC,TAHOE CITY (NWS),1.3008333333333335,2020
TRM,TERMINUS DAM,0.9174999999999999,2020
3RV,THREE RIVERS PH NO 1,1.2191666666666667,2020
TCR,TRACY CARBONA,0.7191666666666666,2020
TKE,TRUCKEE RS (OBS),1.4741666666666668,2020
29P,TWENTYNINE PALMS,0.36916666666666664,2020
UKH,UKIAH,1.4850000000000003,2020
VNT,VINTON,0.5783333333333333,2020
VSL,VISALIA,0.6791666666666666,2020
WSC,WASCO,0.7266666666666667,2020
WTW,WATSONVILLE WATER,1.3616666666666666,2020
WVR,WEAVERVILLE RS,1.6783333333333335,2020
WPT,WEST POINT,1.5258333333333332,2020
WDL,WOODLAND 1 WNW,0.9841666666666667,2020
YSV,YOSEMITE HEADQUARTERS,1.1408333333333334,2020
YRK,YREKA,0.7849999999999998,2020
APU,ANGWIN PACIFIC UNION COL,1.3633333333333333,2021
ASM,ASH MOUNTAIN,0.7758333333333334,2021
ATW,ATWELL CAMP,1.1483333333333332,2021
ABR,AUBERRY 2 NW,1.1391666666666667,2021
AUB,AUBURN,1.4666666666666668,2021
BFK,BAKERSFIELD AIRPORT,0.245,2021
BFS,BARSTOW,0.13083333333333336,2021
BRM,BEAR TRAP MEADOW,1.2683333333333329,2021
BGB,BIG BAR,1.3358333333333334,2021
BBE,BIG BEAR LAKE,0.6325,2021
BGC,BIG CREEK 1,1.1524999999999999,2021
BGS,BIG SUR STATE PARK,2.06,2021
BIS,BISHOP,0.0675,2021
BYM,BLUE CANYON (DWR-2),3.0008333333333326,2021
BLY,BLYTHE,0.115,2021
BCA,BOCA,0.7433333333333332,2021
BDE,BODIE,0.545,2021
BOW,BOWMAN,3.024166666666666,2021
BDG,BRIDGEPORT R S,0.645,2021
BCM,BRUSH CREEK (DWR-2),2.7875,2021
CCH,CACHUMA LAKE,1.0,2021
CVT,CALAVERAS BIG TREES,2.2308333333333334,2021
CAL,CALLAHAN,1.2958333333333336,2021
CPD,CAMP PARDEE,1.0591666666666668,2021
CPT,CAPLES (TWIN) LAKE,2.026666666666667,2021
CDV,CEDARVILLE,0.6849999999999999,2021
CVD,CHERRY VALLEY DAM,2.0741666666666663,2021
CHS,CHESTER,1.2325000000000002,2021
CES,CHICO UNIV FARM,0.9025,2021
CNL,CHINA LAKE ARMITAGE,0.09666666666666668,2021
CLN,COALINGA,0.35333333333333333,2021
CFF,COFFEE CREEK RANGER STATION,1.5325,2021
CLF,COLFAX,1.945,2021
CTT,COTTONWOOD GATES,0.1433333333333333,2021
COV,COVELO 1 NNE,1.7358333333333336,2021
CEC,CRESCENT CITY MC NAMARA FIELD,4.185833333333333,2021
CRC,CROOKED CREEK (LONG VALLEY),0.5983333333333334,2021
CUY,CUYAMACA DAM,1.6825,2021
DVS,DAVIS 2WSW,0.6633333333333332,2021
DSB,DE SABLA (PG&E),2.511666666666667,2021
DTV,DEATH VALLEY,0.07916666666666668,2021
DMS,DONNER MEM ST PARK,1.4316666666666669,2021
DWV,DOWNIEVILLE,2.2941666666666665,2021
DYL,DOYLE,0.42666666666666675,2021
DNM,DUNSMUIR TREATMENT PLANT,2.2725000000000004,2021
EGL,EAGLE CREEK,1.2766666666666666,2021
ELC,EL CAPITAN DAM,0.8725000000000002,2021
ERY,ELLERY LAKE,0.9833333333333334,2021
ELS,ELSINORE,0.44916666666666666,2021
ENG,ENGLEBRIGHT (USACE),1.2958333333333332,2021
ERK,EUREKA WOODLEY ISLAND,1.821666666666667,2021
FRF,FAIRFIELD,0.7783333333333332,2021
FMT,FAIRMONT RESERVOIR,0.2866666666666667,2021
NIC,FEATHER RIVER NEAR NICOLAUS,0.6633333333333332,2021
FDD,FIDDLETOWN,1.6008333333333333,2021
FLR,FLORENCE LAKE (SCE),1.2933333333333332,2021
FLD,FOLSOM DAM - FOLSOM POINT (DYKE 8),0.765,2021
FRH,FORESTHILL R S,2.091666666666667,2021
FBW,FORT BIDWELL,0.8616666666666668,2021
FJN,FORT JONES RS,0.9416666666666665,2021
FRR,FORT ROSS,1.3,2021
FRO,FRESNO WB AIRPORT,0.5683333333333334,2021
GAS,GASQUET RANGER STATION,6.138333333333332,2021
GLK,GEM  LAKE,0.7433333333333333,2021
GRG,GEORGETOWN RS (USFS),2.1291666666666664,2021
GNF,GIANT FOREST (USACE),1.1050000000000002,2021
GLV,GLENVILLE FS,0.6341666666666667,2021
GRO,GRANT GROVE,1.3033333333333332,2021
GSV,GRASS VALLEY,2.0808333333333335,2021
GVL,GROVELAND R S,1.5833333333333333,2021
GHS,GROVER HOT SPRINGS,1.320833333333333,2021
HWE,HAIWEE,0.10833333333333332,2021
HND,HANFORD REFINERY,0.3866666666666667,2021
HAP,HAPPY CAMP RS,2.858333333333333,2021
HTH,HETCH HETCHY,1.595,2021
HCK,HOCKETT MEADOW (USACE),0.9641666666666667,2021
HLS,HOLLISTER,0.59,2021
HOO,HOOPA,2.739166666666667,2021
HSS,HOSSACK,1.3333333333333333,2021
IMP,IMPERIAL VALLEY,0.07,2021
IPN,INDEPENDENCE,0.07583333333333335,2021
ISB,ISABELLA DAM,0.42166666666666663,2021
JNL,JUNCAL DAM,0.9241666666666667,2021
KP3,KERN PH 3,0.27499999999999997,2021
KR3,KERN R INTAKE NO. 3,0.4033333333333333,2021
OLS,KLAMATH RIVER AT ORLEANS,2.8891666666666667,2021
LGT,LAGUNITAS LAKE,1.7149999999999999,2021
ARR,LAKE ARROWHEAD,0.9500000000000001,2021
LPA,LAKE PALMDALE,0.15083333333333335,2021
SBN,LAKE SABRINA,0.6150000000000001,2021
LMC,LEMON COVE,0.43916666666666654,2021
LFH,LEWISTON FISH HATCHERY,1.0133333333333332,2021
LND,LINDSAY,0.4108333333333332,2021
LDG,LODGEPOLE,1.4325,2021
LCC,LOS ANGELES CIVIC CENTER,0.5116666666666667,2021
LAN,LOS ANGELES-WSO AIRPORT,0.44999999999999996,2021
MDR,MADERA,0.46833333333333327,2021
MRP,MARIPOSA RANGER STATION,1.2358333333333333,2021
MKV,MARKLEEVILLE,0.8499999999999998,2021
MLD,MCCLOUD,1.8266666666666664,2021
MFS,MERCED,0.6508333333333333,2021
MNR,MINERAL (OBSERVER),2.146666666666667,2021
MCN,MOCCASIN,1.098333333333333,2021
MDE,MODESTO IRRIG DISTRICT OFFICE,0.59,2021
MTY,MONTEREY AIRPORT,,2021
HML,MOUNT HAMILTON,1.035,2021
MSC,MOUNT SHASTA CITY,1.698333333333333,2021
WLS,MOUNT WILSON NO 2,0.6675,2021
MNH,MOUNTAIN HOME,1.2208333333333334,2021
NSH,NAPA FIRE DEPARTMENT,0.855,2021
NDL,NEEDLES,0.03333333333333333,2021
NVD,NEVADA CITY,2.4208333333333334,2021
EXC,NEW EXCHEQUER-LK MCCLURE,0.9249999999999999,2021
NMQ,NEW MELONES DAM HQ,1.26,2021
NLD,NILAND,0.0725,2021
NFR,NORTH FORK R S,1.4208333333333334,2021
OSM,OCEANSIDE MARINA,0.6208333333333332,2021
ORL,ORLAND,0.8475,2021
OXN,OXNARD,0.2708333333333333,2021
PCF,PACIFIC HOUSE (OBSERVER),2.5883333333333334,2021
PMS,PALM SPRINGS,0.12833333333333333,2021
PNH,PANOCHE 2W,0.4516666666666666,2021
PSC,PASCOES,0.9083333333333332,2021
PNF,PINE FLAT DAM,0.8000000000000002,2021
PCV,PLACERVILLE,1.6866666666666668,2021
PLE,PLUMAS EUREKA PARK,1.72,2021
PRT,PORTOLA,0.7441666666666665,2021
QNC,QUINCY RS (USFS),1.3391666666666664,2021
RBF,RED BLUFF,0.8908333333333331,2021
RGC,ROGERS CAMP,1.1433333333333333,2021
HEA,RUSSIAN RIVER NEAR HEALDSBURG,1.3616666666666666,2021
SCR,SACRAMENTO WB CITY,0.6641666666666666,2021
SGH,SAGEHEN CREEK,0.49666666666666665,2021
SAP,SALINAS NO2,0.6408333333333334,2021
SDG,SAN DIEGO NWS-LINDBERGH FIELD,0.4366666666666667,2021
SFF,SAN FRANCISCO WB AP,0.5975,2021
SLO,SAN LUIS OBISPO POLY,0.9391666666666666,2021
ANA,SANTA ANA FIRE STA,0.42583333333333334,2021
SBR,SANTA BARBARA SANITATION,0.6658333333333333,2021
CRZ,SANTA CRUZ,1.215,2021
SRO,SANTA ROSA,0.9858333333333333,2021
SCA,SCOTIA,2.145,2021
SRR,SIERRAVILLE RS (USFS),0.8616666666666667,2021
SLP,SLY PARK,2.0766666666666667,2021
SSG,SODA SPRINGS 1 E,2.353333333333333,2021
SOR,SONORA RS,1.3358333333333334,2021
SEY,SOUTH ENTRANCE YOSEMITE,1.7558333333333334,2021
SLK,SOUTH LAKE,0.7291666666666666,2021
SGV,SPRINGVILLE TULE POWERPLANT,0.8983333333333333,2021
SNH,STANDISH HICKEY PARK,3.035,2021
STK,STOCKTON FIRE STATION 4,0.5299999999999999,2021
STG,STONY GORGE RESERVOIR,0.6275000000000001,2021
STV,STRAWBERRY VALLEY,2.960000000000001,2021
SCC,SUCCESS DAM,0.48833333333333323,2021
SSN,SUSANVILLE,0.6941666666666665,2021
TAC,TAHOE CITY (NWS),1.8175000000000001,2021
TRM,TERMINUS DAM,0.4008333333333333,2021
3RV,THREE RIVERS PH NO 1,0.7275,2021
TCR,TRACY CARBONA,0.5008333333333332,2021
TKE,TRUCKEE RS (OBS),1.1324999999999998,2021
29P,TWENTYNINE PALMS,0.19166666666666665,2021
UKH,UKIAH,1.2808333333333335,2021
VNT,VINTON,0.5016666666666666,2021
VSL,VISALIA,0.37000000000000005,2021
WSC,WASCO,0.24749999999999994,2021
WTW,WATSONVILLE WATER,1.1016666666666663,2021
WVR,WEAVERVILLE RS,1.1983333333333337,2021
WPT,WEST POINT,1.7216666666666667,2021
WDL,WOODLAND 1 WNW,0.6991666666666667,2021
YSV,YOSEMITE HEADQUARTERS,1.3508333333333333,2021
YRK,YREKA,0.9408333333333334,2021
